{
  "products": [
    {
      "id": 130,
      "name": "Huile Essentielle Menthe",
      "short_description": "Huile essentielle de menthe, fraîche et revigorante, parfaite pour l'aromathérapie et les soins de la peau.",
      "description": "Découvrez notre huile essentielle de menthe, extraite avec soin à partir de feuilles fraîches de menthe. Son arôme rafraîchissant et revigorant en fait un choix parfait pour ajouter une touche de fraîcheur à vos routines de bien-être. Utilisez-la en aromathérapie pour stimuler vos sens ou en cosmétique pour ses propriétés apaisantes pour la peau. Une solution naturelle polyvalente pour votre santé et votre bien-être quotidien.",
      "price": 60,
      "category": "Huile Essentielle",
      "tags": ["Aromathérapie", "BienÊtre", "Cosmétique", "HuileEssentielle", "Menthe", "Naturel", "Rafraîchissant", "Revigorant"],
      "image": "https://greenamal.com/wp-content/uploads/2021/08/1.png",
      "stock": 1,
      "volume": "15ml"
    },
    {
      "id": 131,
      "name": "COUSCOUS ROUGE",
      "short_description": "Couscous rouge, une explosion de saveurs et de couleur pour égayer vos repas.",
      "description": "Découvrez notre couscous rouge, une variante vibrante préparée avec de la semoule de blé enrichie d'ingrédients naturels lui donnant sa couleur caractéristique. Son goût robuste et sa texture légère en font un accompagnement audacieux pour une variété de plats. Une option colorée et pleine de saveurs pour égayer votre table.",
      "price": 18,
      "category": "Couscous",
      "tags": ["Accompagnement", "CouleurNaturelle", "couscous", "CouscousRouge", "Robuste", "SaveursAudacieuses", "SemouleDeBlé", "Vibrant"],
      "image": "https://greenamal.com/wp-content/uploads/2021/08/rouge-scaled-e1710836709859.jpg",
      "stock": 1,
      "volume": "500g"
    },
    {
      "id": 132,
      "name": "COUSCOUS SAUGE",
      "short_description": "Couscous à la sauge, une touche d'arôme subtil pour une expérience culinaire raffinée.",
      "description": "Goûtez à notre couscous à la sauge, préparé avec soin en utilisant de la semoule de blé associée à l'arôme subtil de la sauge. Sa saveur unique et son parfum délicat en font un accompagnement raffiné pour divers plats. Une expérience culinaire qui allie fraîcheur et sophistication.",
      "price": 18,
      "category": "Couscous",
      "tags": ["Accompagnement", "couscous", "CouscousÀSauge", "Fraîcheur", "ParfumDélicat", "Raffinement", "sauge", "SaveurSubtile"],
      "image": "https://greenamal.com/wp-content/uploads/2021/08/salmia-scaled-e1710836218765.jpg",
      "stock": 1,
      "volume": "500g"
    },
    {
      "id": 133,
      "name": "COUSCOUS MAIS",
      "short_description": "Couscous de maïs léger et sans gluten, parfait pour une cuisine diversifiée.",
      "description": "Savourez notre couscous de maïs, préparé avec soin à partir de semoule de maïs de qualité supérieure. Son goût doux et sa texture légère en font un accompagnement idéal pour une variété de plats. Une option délicieuse et sans gluten pour une cuisine diversifiée.",
      "price": 18,
      "category": "Couscous",
      "tags": ["Accompagnement", "Céréales", "couscous", "CouscousDeMaïs", "CuisineDiversifiée", "Légèreté", "SansGluten"],
      "image": "https://greenamal.com/wp-content/uploads/2021/08/mais-scaled-e1710835063995.jpg",
      "stock": 1,
      "volume": "500g"
    },
    {
      "id": 134,
      "name": "COUSCOUS KHOUMASSI",
      "short_description": "Découvrez notre couscous Khoumassi, fusion de céréales (blé, maïs, avoine, orge) pour une expérience culinaire riche en saveurs et en nutriments.",
      "description": "Découvrez notre couscous Khoumassi, une délicieuse fusion de céréales incluant du blé, du maïs, de l'avoine et de l'orge. Préparé avec soin à partir de semoule de blé, ce couscous offre une texture riche et un goût unique, parfait pour accompagner une variété de plats. Une source naturelle de nutriments et de saveurs pour une expérience culinaire authentique.",
      "price": 35,
      "category": "Couscous",
      "tags": ["BléMaïsAvoineOrge", "CéréalesVariées", "couscous", "Couscous Khoumassi", "CuisineSaine", "DiversitéGustative", "FusionCulinaire", "NutritionÉquilibrée", "PlatsPolyvalents", "SaveursNaturelles", "SemouleDeBlé"],
      "image": "https://greenamal.com/wp-content/uploads/2021/08/khoumassi-scaled-e1710834556168.jpg",
      "stock": 1,
      "volume": "1KG"
    },
    {
      "id": 135,
      "name": "COUSCOUS D'ORGE",
      "short_description": "Découvrez notre couscous d'orge léger et nutritif, parfait pour accompagner une variété de plats. Une option saine et polyvalente pour ajouter une touche de diversité à votre cuisine.",
      "description": "Découvrez notre délicieux couscous d'orge, une alternative nutritive et savoureuse au couscous traditionnel. Préparé à partir de semoule d'orge de première qualité, ce couscous offre une texture légère et un goût subtil qui complétera à merveille une variété de plats. Riche en fibres et en éléments nutritifs essentiels, notre couscous d'orge est idéal pour ceux qui recherchent une option saine et délicieuse pour accompagner leurs repas. Ajoutez une touche de diversité à votre cuisine avec ce couscous à base de céréales, parfait pour des plats aussi bien sucrés que salés.",
      "price": 18,
      "category": "Couscous",
      "tags": ["AlternativeSaine", "CéréalesNutritives", "couscous", "CouscousDOrge", "CuisineÉquilibrée", "DiversitéCulinaire", "OptionSansGluten", "orge", "PlatsVégétariens", "SaveursNaturelles", "SemouleDOrge", "VariétéCéréalière"],
      "image": "https://greenamal.com/wp-content/uploads/2021/08/orge-scaled-e1710833692946.jpg",
      "stock": 1,
      "volume": "500g"
    },
    {
      "id": 137,
      "name": "COUSCOUS AUX HERBES",
      "short_description": "Le couscous aux herbes aromatisé est une délicieuse variante de ce plat traditionnellement préparé à base de semoule de blé.",
      "description": "Le couscous aux herbes aromatisé est une délicieuse variante de ce plat traditionnellement préparé à base de semoule de blé. Cette version particulière est enrichie d'un mélange savoureux d'herbes comprenant du thym, de l'origan, de la mélisse et de la sauge, ce qui lui confère un parfum délicat et une saveur riche. La farine de blé utilisée pour préparer le couscous garantit une texture légère et moelleuse, tandis que les herbes ajoutent une dimension aromatique et gustative unique. Ce plat est une combinaison parfaite de simplicité et de raffinement, idéal pour accompagner une variété de plats principaux ou à savourer seul en tant que plat principal végétarien.",
      "price": 20,
      "category": "Couscous",
      "tags": ["couscous", "Farine de blé", "mélisse", "origan", "sauge", "thym"],
      "image": "https://greenamal.com/wp-content/uploads/2021/08/herbes-2-scaled-e1710832971272.jpg",
      "stock": 1,
      "volume": "500g"
    },
    {
      "id": 5312,
      "name": "Huile Essentielle Cédre",
      "short_description": "Huile essentielle de cèdre, parfum boisé apaisant, idéal pour la relaxation et la purification.",
      "description": "Découvrez notre huile essentielle de cèdre, extraite avec soin à partir du bois de cèdre. Son parfum boisé et apaisant est réputé pour ses propriétés relaxantes et purifiantes. Utilisez-la en diffusion pour créer une atmosphère sereine dans votre espace, ou diluée dans une huile porteuse pour des massages apaisants. L'huile essentielle de cèdre est également appréciée pour ses vertus sur la peau et les cheveux, en faisant un ajout précieux à votre routine de bien-être.",
      "price": 60,
      "category": "Huile Essentielle",
      "tags": ["Aromathérapie", "BienÊtre", "Cèdre", "HuileEssentielle", "Naturel", "Purification", "Relaxation"],
      "image": "https://greenamal.com/wp-content/uploads/2024/04/2.png",
      "stock": 1,
      "volume": "15ml"
    },
    {
      "id": 5322,
      "name": "Huile Essentielle Eucalyptus",
      "short_description": "Huile essentielle d'eucalyptus, fraîche et revitalisante, parfaite pour la respiration et la purification.",
      "description": "Plongez dans la fraîcheur revitalisante de notre huile essentielle d'eucalyptus, extraite avec soin des feuilles de l'eucalyptus. Son arôme vivifiant et revigorant est réputé pour ses propriétés purifiantes et respiratoires, idéales pour dégager les voies respiratoires et favoriser une respiration plus facile. Utilisez-la en diffusion pour créer une atmosphère stimulante dans votre maison, ou diluée dans une huile porteuse pour des massages rafraîchissants. Une ressource naturelle essentielle pour votre bien-être quotidien.",
      "price": 60,
      "category": "Huile Essentielle",
      "tags": ["Aromathérapie", "BienÊtre", "Eucalyptus", "HuileEssentielle", "Purification", "Respiratoire", "Revitalisant"],
      "image": "https://greenamal.com/wp-content/uploads/2024/04/3.png",
      "stock": 1,
      "volume": "15ml"
    },
    {
      "id": 5331,
      "name": "Huile Essentielle Lavande",
      "short_description": "Huile essentielle de lavande, parfum relaxant et apaisant, idéale pour soulager le stress et favoriser le sommeil.",
      "description": "Plongez dans la tranquillité de notre huile essentielle de lavande, distillée avec précision à partir des sommités fleuries de la lavande. Son parfum doux et floral apporte une ambiance relaxante à votre espace de vie, favorisant le calme et la sérénité. Appréciée pour ses propriétés apaisantes, l'huile essentielle de lavande est un choix polyvalent pour soulager le stress, favoriser un sommeil réparateur et apaiser la peau irritée. Utilisez-la en diffusion, en massage ou ajoutez quelques gouttes à votre bain pour une expérience de détente totale.",
      "price": 60,
      "category": "Huile Essentielle",
      "tags": ["Apaisement", "Aromathérapie", "BienÊtre", "HuileEssentielle", "Lavande", "Relaxation", "Sommeil"],
      "image": "https://greenamal.com/wp-content/uploads/2024/04/4.png",
      "stock": 1,
      "volume": "15ml"
    }
  ]
} 